{"offline_id": "1a1fa866089b442e9a84e084d3606994", "project_name": "yolov5", "start_time": 1681052701937, "stop_time": 1681052723285, "tags": [], "workspace": null, "resume_strategy": "create", "customer_error_reported": true, "customer_error_message": "Unexpected error detected in the user script: UnicodeDecodeError('charmap', b\"# YOLOv5 \\xf0\\x9f\\x9a\\x80 by Ultralytics, GPL-3.0 license\\r\\n# COCO 2017 dataset http://cocodataset.org by Microsoft\\r\\n# Example usage: python train.py --data coco.yaml\\r\\n# parent\\r\\n# \\xe2\\x94\\x9c\\xe2\\x94\\x80\\xe2\\x94\\x80 yolov5\\r\\n# \\xe2\\x94\\x94\\xe2\\x94\\x80\\xe2\\x94\\x80 datasets\\r\\n#     \\xe2\\x94\\x94\\xe2\\x94\\x80\\xe2\\x94\\x80 coco  \\xe2\\x86\\x90 downloads here (20.1 GB)\\r\\n\\r\\n\\r\\n# Train/val/test sets as 1) dir: path/to/imgs, 2) file: path/to/imgs.txt, or 3) list: [path/to/imgs1, path/to/imgs2, ..]\\r\\npath: ../datasets # dataset root dir\\r\\ntrain:  train/images # train images (relative to 'path') 118287 images\\r\\nval: val/images  # val images (relative to 'path') 5000 images\\r\\n#test: test-dev2017.txt  # 20288 of 40670 images, submit to https://competitions.codalab.org/competitions/20794\\r\\n\\r\\n# Classes\\r\\nnames:\\r\\n  0: URSA\\r\\n  1: ORION\\r\\n\\r\\n\\r\\n\\r\\n\", 231, 232, 'character maps to <undefined>')"}